,aspect,avg_sentiment,corpus_index
35,one worst,-0.74086,0
241,quality worst,-0.7190500000000001,0
98,product ever,-0.6436142857142857,0
224,poor quality,-0.6397733333333334,0
203,bad sound,-0.6250111111111111,0
146,worst quality,-0.6112428571428571,0
223,bad product,-0.6012857142857142,0
201,worst experience,-0.5928,0
249,poor battery,-0.5814571428571428,0
97,worst product,-0.572165625,0
143,product stopped,-0.50595,0
88,fake product,-0.5003428571428571,0
18,product bad,-0.48206666666666664,0
255,bass poor,-0.47447999999999996,0
45,worst earphone,-0.4719285714285714,0
133,left earpiece,-0.46141666666666664,0
182,one working,-0.45368,0
163,quality bad,-0.43966923076923076,0
153,stop working,-0.41267272727272725,0
192,month usage,-0.40172857142857143,0
144,working within,-0.39599999999999996,0
226,quality poor,-0.38844736842105265,0
248,disappointed product,-0.38423999999999997,0
125,earphone ever,-0.3824166666666667,0
147,poor sound,-0.3411529411764706,0
55,within day,-0.27876,0
109,low sound,-0.27244444444444443,0
51,month one,-0.27092727272727274,0
212,low quality,-0.26528,0
135,working day,-0.26431333333333334,0
