aspect,avg_sentiment,corpus_index
worst product,-0.6212307692307693,1
bad product,-0.5398833333333334,1
within day,-0.4827199999999999,1
waste money,-0.44695,1
disappointed product,-0.41836,1
volume low,-0.39646,1
poor quality,-0.3285,1
left side,-0.322775,1
stop working,-0.3191333333333333,1
riding bike,-0.31301999999999996,1
fake product,-0.30995999999999996,1
working day,-0.30042222222222226,1
want return,-0.25776,1
stopped working,-0.24875161290322578,1
bad quality,-0.22634285714285715,1
one side,-0.21714166666666665,1
cancellation poor,-0.210225,1
service center,-0.17943333333333333,1
side earphone,-0.1563857142857143,1
one month,-0.14616249999999997,1
quality average,-0.14266,1
keep falling,-0.13704999999999998,1
quality poor,-0.11660999999999999,1
quality bad,-0.1063125,1
low quality,-0.08299999999999999,1
quality jbl,-0.045000000000000005,1
within month,-0.04215999999999999,1
working properly,-0.037566666666666665,1
poor battery,-0.01911666666666666,1
worth price,0.025049999999999992,1
