bigram,frequency
"('sound', 'quality')",269
"('battery', 'life')",98
"('noise', 'cancellation')",68
"('stopped', 'working')",31
"('fit', 'ear')",29
"('ear', 'bud')",29
"('build', 'quality')",25
"('bluetooth', 'connectivity')",23
"('battery', 'backup')",21
"('value', 'money')",19
"('bluetooth', 'earphone')",19
"('product', 'jbl')",18
"('quality', 'also')",18
"('light', 'weight')",14
"('quality', 'sound')",14
"('price', 'range')",14
"('jbl', 'product')",13
"('buy', 'product')",13
"('worst', 'product')",13
"('quality', 'product')",13
