bigram,frequency
"('sound', 'quality')",44
"('stopped', 'working')",11
"('battery', 'life')",8
"('worst', 'product')",5
"('wireless', 'earphone')",5
"('light', 'weight')",5
"('sound', 'clarity')",4
"('battery', 'last')",4
"('product', 'quality')",4
"('worth', 'money')",4
"('month', 'use')",4
"('neck', 'band')",4
"('phone', 'pocket')",4
"('waste', 'money')",4
"('battery', 'backup')",4
"('working', 'properly')",4
"('connect', 'phone')",4
"('amazing', 'sound')",3
"('bass', 'sound')",3
"('replace', 'product')",3
