,bigram,frequency
30,"('sound', 'quality')",282
142,"('battery', 'life')",103
729,"('stopped', 'working')",91
2095,"('battery', 'backup')",36
860,"('pure', 'bass')",34
1293,"('worst', 'product')",32
1475,"('one', 'side')",29
1621,"('quality', 'product')",27
68,"('quality', 'sound')",25
1478,"('working', 'month')",25
938,"('noise', 'cancellation')",24
1438,"('value', 'money')",24
3200,"('within', 'month')",21
744,"('service', 'center')",19
1420,"('product', 'jbl')",19
4194,"('quality', 'poor')",19
1885,"('buy', 'product')",18
1875,"('poor', 'sound')",17
2804,"('working', 'properly')",17
1022,"('service', 'centre')",17
